date,district,month,visitors,year
01-01-2016,Adilabad,January,792136,2016
01-09-2017,Adilabad,September,42699,2017
01-06-2019,Adilabad,June,9161,2019
01-05-2019,Adilabad,May,6997,2019
01-04-2019,Adilabad,April,9972,2019
01-03-2019,Adilabad,March,14347,2019
01-02-2019,Adilabad,February,406177,2019
01-01-2019,Adilabad,January,25071,2019
01-07-2019,Adilabad,July,11791,2019
01-10-2016,Adilabad,October,94184,2016
01-08-2017,Adilabad,August,34876,2017
01-06-2016,Adilabad,June,368237,2016
01-01-2018,Adilabad,January,320356,2018
01-02-2018,Adilabad,February,36550,2018
01-03-2018,Adilabad,March,23011,2018
01-04-2018,Adilabad,April,14183,2018
01-08-2016,Adilabad,August,614285,2016
01-06-2018,Adilabad,June,12052,2018
01-08-2018,Adilabad,August,38939,2018
01-07-2018,Adilabad,July,24666,2018
01-08-2019,Adilabad,August,108173,2019
01-05-2018,Adilabad,May,8197,2018
01-09-2019,Adilabad,September,37589,2019
01-03-2016,Adilabad,March,582946,2016
01-09-2016,Adilabad,September,491279,2016
01-01-2017,Adilabad,January,318799,2017
01-03-2017,Adilabad,March,27508,2017
01-04-2017,Adilabad,April,13946,2017
01-05-2017,Adilabad,May,11752,2017
01-07-2017,Adilabad,July,52386,2017
01-10-2019,Adilabad,October,38184,2019
01-11-2019,Adilabad,November,70344,2019
01-12-2019,Adilabad,December,38089,2019
01-11-2017,Adilabad,November,117322,2017
01-12-2017,Adilabad,December,54251,2017
01-06-2017,Adilabad,June,26859,2017
01-04-2016,Adilabad,April,341948,2016
01-02-2017,Adilabad,February,83316,2017
01-05-2016,Adilabad,May,252887,2016
01-11-2016,Adilabad,November,99148,2016
01-10-2017,Adilabad,October,41666,2017
01-10-2018,Adilabad,October,30257,2018
01-09-2018,Adilabad,September,25875,2018
01-12-2018,Adilabad,December,61476,2018
01-02-2016,Adilabad,February,937820,2016
01-11-2018,Adilabad,November,49181,2018
01-07-2016,Adilabad,July,447562,2016
01-12-2016,Adilabad,December,53125,2016
01-08-2017,Bhadradri Kothagudem ,August,316438,2017
01-05-2016,Bhadradri Kothagudem ,May,0,2016
01-01-2019,Bhadradri Kothagudem ,January,283365,2019
01-01-2017,Bhadradri Kothagudem ,January,302315,2017
01-08-2016,Bhadradri Kothagudem ,August,0,2016
01-05-2017,Bhadradri Kothagudem ,May,311626,2017
01-09-2017,Bhadradri Kothagudem ,September,381784,2017
01-11-2017,Bhadradri Kothagudem ,November,281515,2017
01-03-2019,Bhadradri Kothagudem ,March,225448,2019
01-04-2016,Bhadradri Kothagudem ,April,0,2016
01-02-2019,Bhadradri Kothagudem ,February,229159,2019
01-07-2019,Bhadradri Kothagudem ,July,233338,2019
01-02-2016,Bhadradri Kothagudem ,February,0,2016
01-03-2016,Bhadradri Kothagudem ,March,0,2016
01-10-2017,Bhadradri Kothagudem ,October,334504,2017
01-06-2016,Bhadradri Kothagudem ,June,0,2016
01-01-2016,Bhadradri Kothagudem ,January,0,2016
01-08-2019,Bhadradri Kothagudem ,August,271941,2019
01-12-2019,Bhadradri Kothagudem ,December,287328,2019
01-07-2016,Bhadradri Kothagudem ,July,0,2016
01-04-2017,Bhadradri Kothagudem ,April,667459,2017
01-05-2019,Bhadradri Kothagudem ,May,275800,2019
01-04-2019,Bhadradri Kothagudem ,April,349585,2019
01-06-2017,Bhadradri Kothagudem ,June,351742,2017
01-06-2019,Bhadradri Kothagudem ,June,9761776,2019
01-11-2018,Bhadradri Kothagudem ,November,253464,2018
01-11-2019,Bhadradri Kothagudem ,November,298366,2019
01-10-2016,Bhadradri Kothagudem ,October,310133,2016
01-12-2018,Bhadradri Kothagudem ,December,442483,2018
01-12-2016,Bhadradri Kothagudem ,December,326770,2016
01-03-2017,Bhadradri Kothagudem ,March,243943,2017
01-07-2017,Bhadradri Kothagudem ,July,258114,2017
01-01-2018,Bhadradri Kothagudem ,January,421275,2018
01-11-2016,Bhadradri Kothagudem ,November,252127,2016
01-09-2018,Bhadradri Kothagudem ,September,334878,2018
01-09-2016,Bhadradri Kothagudem ,September,0,2016
01-02-2018,Bhadradri Kothagudem ,February,240634,2018
01-08-2018,Bhadradri Kothagudem ,August,219548,2018
01-10-2019,Bhadradri Kothagudem ,October,287432,2019
01-03-2018,Bhadradri Kothagudem ,March,421275,2018
01-09-2019,Bhadradri Kothagudem ,September,314199,2019
01-02-2017,Bhadradri Kothagudem ,February,251359,2017
01-10-2018,Bhadradri Kothagudem ,October,322974,2018
01-06-2018,Bhadradri Kothagudem ,June,290512,2018
01-12-2017,Bhadradri Kothagudem ,December,393518,2017
01-04-2018,Bhadradri Kothagudem ,April,341258,2018
01-07-2018,Bhadradri Kothagudem ,July,220304,2018
01-05-2018,Bhadradri Kothagudem ,May,291273,2018
01-12-2016,Hyderabad,December,1225502,2016
01-03-2019,Hyderabad,March,1009991,2019
01-11-2019,Hyderabad,November,1073665,2019
01-10-2019,Hyderabad,October,1240643,2019
01-08-2019,Hyderabad,August,1121380,2019
01-07-2017,Hyderabad,July,1890870,2017
01-06-2017,Hyderabad,June,2007060,2017
01-09-2019,Hyderabad,September,959930,2019
01-12-2017,Hyderabad,December,4871416,2017
01-11-2017,Hyderabad,November,1971438,2017
01-07-2019,Hyderabad,July,1094861,2019
01-01-2017,Hyderabad,January,1924695,2017
01-02-2017,Hyderabad,February,1886698,2017
01-11-2018,Hyderabad,November,1671320,2018
01-09-2017,Hyderabad,September,2011280,2017
01-12-2019,Hyderabad,December,1277569,2019
01-08-2017,Hyderabad,August,1976980,2017
01-01-2018,Hyderabad,January,1978396,2018
01-03-2017,Hyderabad,March,1783903,2017
01-10-2017,Hyderabad,October,2202316,2017
01-04-2017,Hyderabad,April,2366793,2017
01-04-2019,Hyderabad,April,1045933,2019
01-05-2017,Hyderabad,May,2266793,2017
01-11-2016,Hyderabad,November,909733,2016
01-08-2016,Hyderabad,August,1061137,2016
01-05-2019,Hyderabad,May,1305748,2019
01-03-2018,Hyderabad,March,1415938,2018
01-01-2016,Hyderabad,January,1122510,2016
01-10-2018,Hyderabad,October,2207478,2018
01-06-2019,Hyderabad,June,1262995,2019
01-10-2016,Hyderabad,October,901960,2016
01-07-2016,Hyderabad,July,1096754,2016
01-09-2016,Hyderabad,September,832987,2016
01-04-2016,Hyderabad,April,1127738,2016
01-03-2016,Hyderabad,March,1017794,2016
01-02-2016,Hyderabad,February,778748,2016
01-06-2016,Hyderabad,June,12032661,2016
01-02-2019,Hyderabad,February,983147,2019
01-05-2016,Hyderabad,May,1287181,2016
01-08-2018,Hyderabad,August,1591470,2018
01-09-2018,Hyderabad,September,1508086,2018
01-02-2018,Hyderabad,February,1365837,2018
01-01-2019,Hyderabad,January,1426500,2019
01-06-2018,Hyderabad,June,1595067,2018
01-12-2018,Hyderabad,December,1964150,2018
01-04-2018,Hyderabad,April,1586375,2018
01-05-2018,Hyderabad,May,1189492,2018
01-07-2018,Hyderabad,July,1470042,2018
01-08-2016,Jagtial ,August,0,2016
01-11-2016,Jagtial ,November,214534,2016
01-03-2016,Jagtial ,March,0,2016
01-12-2016,Jagtial ,December,207294,2016
01-05-2016,Jagtial ,May,0,2016
01-04-2016,Jagtial ,April,0,2016
01-01-2016,Jagtial ,January,0,2016
01-12-2019,Jagtial ,December,372959,2019
01-11-2019,Jagtial ,November,277630,2019
01-09-2017,Jagtial ,September,143102,2017
01-10-2016,Jagtial ,October,201249,2016
01-08-2019,Jagtial ,August,151570,2019
01-07-2019,Jagtial ,July,157419,2019
01-02-2019,Jagtial ,February,215105,2019
01-06-2019,Jagtial ,June,235363,2019
01-07-2016,Jagtial ,July,0,2016
01-02-2016,Jagtial ,February,0,2016
01-06-2016,Jagtial ,June,0,2016
01-04-2019,Jagtial ,April,447226,2019
01-10-2019,Jagtial ,October,165070,2019
01-09-2019,Jagtial ,September,157564,2019
01-09-2016,Jagtial ,September,0,2016
01-03-2017,Jagtial ,March,323658,2017
01-01-2019,Jagtial ,January,211913,2019
01-03-2019,Jagtial ,March,194090,2019
01-11-2018,Jagtial ,November,277997,2018
01-01-2018,Jagtial ,January,614082,2018
01-02-2018,Jagtial ,February,349576,2018
01-03-2018,Jagtial ,March,416716,2018
01-08-2018,Jagtial ,August,272685,2018
01-12-2017,Jagtial ,December,393566,2017
01-06-2018,Jagtial ,June,182505,2018
01-09-2018,Jagtial ,September,273121,2018
01-10-2018,Jagtial ,October,138206,2018
01-04-2018,Jagtial ,April,372874,2018
01-10-2017,Jagtial ,October,248504,2017
01-12-2018,Jagtial ,December,231323,2018
01-05-2018,Jagtial ,May,641363,2018
01-11-2017,Jagtial ,November,348042,2017
01-05-2019,Jagtial ,May,500206,2019
01-08-2017,Jagtial ,August,386458,2017
01-05-2017,Jagtial ,May,468038,2017
01-02-2017,Jagtial ,February,159659,2017
01-07-2017,Jagtial ,July,247254,2017
01-01-2017,Jagtial ,January,174477,2017
01-04-2017,Jagtial ,April,330540,2017
01-06-2017,Jagtial ,June,418103,2017
01-07-2018,Jagtial ,July,182473,2018
01-10-2018,Jangaon ,October,29470,2018
01-01-2016,Jangaon ,January,0,2016
01-11-2018,Jangaon ,November,29570,2018
01-12-2018,Jangaon ,December,36962,2018
01-12-2019,Jangaon ,December,28460,2019
01-09-2017,Jangaon ,September,15600,2017
01-07-2019,Jangaon ,July,24160,2019
01-11-2019,Jangaon ,November,28410,2019
01-07-2018,Jangaon ,July,26280,2018
01-02-2017,Jangaon ,February,12610,2017
01-01-2017,Jangaon ,January,12280,2017
01-05-2018,Jangaon ,May,19660,2018
01-08-2017,Jangaon ,August,15680,2017
01-02-2016,Jangaon ,February,0,2016
01-06-2018,Jangaon ,June,23050,2018
01-04-2019,Jangaon ,April,26160,2019
01-09-2018,Jangaon ,September,28830,2018
01-03-2016,Jangaon ,March,0,2016
01-06-2019,Jangaon ,June,25820,2019
01-08-2018,Jangaon ,August,26020,2018
01-04-2018,Jangaon ,April,18100,2018
01-03-2018,Jangaon ,March,17300,2018
01-01-2018,Jangaon ,January,17180,2018
01-11-2016,Jangaon ,November,13210,2016
01-03-2019,Jangaon ,March,27300,2019
01-06-2016,Jangaon ,June,0,2016
01-07-2016,Jangaon ,July,0,2016
01-08-2019,Jangaon ,August,27800,2019
01-01-2019,Jangaon ,January,28750,2019
01-05-2016,Jangaon ,May,0,2016
01-05-2017,Jangaon ,May,12130,2017
01-04-2017,Jangaon ,April,9788,2017
01-12-2017,Jangaon ,December,16880,2017
01-08-2016,Jangaon ,August,0,2016
01-06-2017,Jangaon ,June,13750,2017
01-09-2016,Jangaon ,September,0,2016
01-09-2019,Jangaon ,September,28640,2019
01-04-2016,Jangaon ,April,0,2016
01-02-2019,Jangaon ,February,28810,2019
01-11-2017,Jangaon ,November,16360,2017
01-02-2018,Jangaon ,February,18600,2018
01-10-2017,Jangaon ,October,16130,2017
01-12-2016,Jangaon ,December,12680,2016
01-03-2017,Jangaon ,March,8450,2017
01-07-2017,Jangaon ,July,16050,2017
01-10-2019,Jangaon ,October,27840,2019
01-10-2016,Jangaon ,October,14770,2016
01-05-2019,Jangaon ,May,26740,2019
01-10-2018,Jayashankar Bhoopalpally,October,195400,2018
01-05-2017,Jayashankar Bhoopalpally,May,91150,2017
01-02-2016,Jayashankar Bhoopalpally,February,0,2016
01-08-2018,Jayashankar Bhoopalpally,August,184700,2018
01-05-2018,Jayashankar Bhoopalpally,May,152050,2018
01-09-2018,Jayashankar Bhoopalpally,September,192300,2018
01-03-2016,Jayashankar Bhoopalpally,March,0,2016
01-11-2018,Jayashankar Bhoopalpally,November,196500,2018
01-06-2018,Jayashankar Bhoopalpally,June,159400,2018
01-12-2018,Jayashankar Bhoopalpally,December,245625,2018
01-04-2016,Jayashankar Bhoopalpally,April,0,2016
01-04-2017,Jayashankar Bhoopalpally,April,90700,2017
01-06-2016,Jayashankar Bhoopalpally,June,0,2016
01-10-2019,Jayashankar Bhoopalpally,October,46000,2019
01-02-2018,Jayashankar Bhoopalpally,February,8626250,2018
01-01-2019,Jayashankar Bhoopalpally,January,197430,2019
01-06-2019,Jayashankar Bhoopalpally,June,40500,2019
01-04-2019,Jayashankar Bhoopalpally,April,38500,2019
01-05-2019,Jayashankar Bhoopalpally,May,30800,2019
01-02-2017,Jayashankar Bhoopalpally,February,96850,2017
01-03-2017,Jayashankar Bhoopalpally,March,81400,2017
01-02-2019,Jayashankar Bhoopalpally,February,33500,2019
01-01-2017,Jayashankar Bhoopalpally,January,96560,2017
01-05-2016,Jayashankar Bhoopalpally,May,0,2016
01-07-2018,Jayashankar Bhoopalpally,July,128550,2018
01-03-2019,Jayashankar Bhoopalpally,March,37500,2019
01-10-2016,Jayashankar Bhoopalpally,October,76360,2016
01-06-2017,Jayashankar Bhoopalpally,June,93650,2017
01-07-2016,Jayashankar Bhoopalpally,July,0,2016
01-12-2019,Jayashankar Bhoopalpally,December,45800,2019
01-07-2017,Jayashankar Bhoopalpally,July,94700,2017
01-09-2017,Jayashankar Bhoopalpally,September,112600,2017
01-09-2016,Jayashankar Bhoopalpally,September,0,2016
01-12-2016,Jayashankar Bhoopalpally,December,85460,2016
01-11-2016,Jayashankar Bhoopalpally,November,81580,2016
01-01-2016,Jayashankar Bhoopalpally,January,0,2016
01-04-2018,Jayashankar Bhoopalpally,April,149150,2018
01-08-2017,Jayashankar Bhoopalpally,August,118350,2017
01-01-2018,Jayashankar Bhoopalpally,January,6519850,2018
01-09-2019,Jayashankar Bhoopalpally,September,50500,2019
01-07-2019,Jayashankar Bhoopalpally,July,45500,2019
01-08-2019,Jayashankar Bhoopalpally,August,45000,2019
01-12-2017,Jayashankar Bhoopalpally,December,723000,2017
01-11-2017,Jayashankar Bhoopalpally,November,116800,2017
01-10-2017,Jayashankar Bhoopalpally,October,115250,2017
01-08-2016,Jayashankar Bhoopalpally,August,0,2016
01-11-2019,Jayashankar Bhoopalpally,November,51500,2019
01-03-2018,Jayashankar Bhoopalpally,March,146150,2018
01-09-2016,Jogulamba Gadwal ,September,0,2016
01-12-2016,Jogulamba Gadwal ,December,182333,2016
01-11-2016,Jogulamba Gadwal ,November,188170,2016
01-03-2019,Jogulamba Gadwal ,March,155013,2019
01-09-2017,Jogulamba Gadwal ,September,123733,2017
01-09-2018,Jogulamba Gadwal ,September,121710,2018
01-11-2018,Jogulamba Gadwal ,November,128075,2018
01-10-2017,Jogulamba Gadwal ,October,152898,2017
01-07-2016,Jogulamba Gadwal ,July,0,2016
01-12-2018,Jogulamba Gadwal ,December,182333,2018
01-02-2016,Jogulamba Gadwal ,February,0,2016
01-08-2017,Jogulamba Gadwal ,August,131485,2017
01-03-2016,Jogulamba Gadwal ,March,0,2016
01-02-2017,Jogulamba Gadwal ,February,481110,2017
01-12-2017,Jogulamba Gadwal ,December,214887,2017
01-06-2017,Jogulamba Gadwal ,June,160182,2017
01-05-2017,Jogulamba Gadwal ,May,131426,2017
01-01-2016,Jogulamba Gadwal ,January,0,2016
01-03-2017,Jogulamba Gadwal ,March,155013,2017
01-07-2017,Jogulamba Gadwal ,July,160182,2017
01-10-2018,Jogulamba Gadwal ,October,152898,2018
01-04-2017,Jogulamba Gadwal ,April,131426,2017
01-05-2016,Jogulamba Gadwal ,May,0,2016
01-01-2017,Jogulamba Gadwal ,January,214887,2017
01-02-2019,Jogulamba Gadwal ,February,481110,2019
01-06-2019,Jogulamba Gadwal ,June,155013,2019
01-08-2019,Jogulamba Gadwal ,August,123733,2019
01-10-2019,Jogulamba Gadwal ,October,152898,2019
01-04-2016,Jogulamba Gadwal ,April,0,2016
01-10-2016,Jogulamba Gadwal ,October,152898,2016
01-06-2016,Jogulamba Gadwal ,June,0,2016
01-07-2018,Jogulamba Gadwal ,July,114951,2018
01-08-2016,Jogulamba Gadwal ,August,0,2016
01-05-2018,Jogulamba Gadwal ,May,131426,2018
01-12-2019,Jogulamba Gadwal ,December,182333,2019
01-02-2018,Jogulamba Gadwal ,February,481110,2018
01-04-2018,Jogulamba Gadwal ,April,138673,2018
01-06-2018,Jogulamba Gadwal ,June,160182,2018
01-09-2019,Jogulamba Gadwal ,September,131485,2019
01-01-2019,Jogulamba Gadwal ,January,146441,2019
01-11-2019,Jogulamba Gadwal ,November,128075,2019
01-04-2019,Jogulamba Gadwal ,April,82334,2019
01-03-2018,Jogulamba Gadwal ,March,155013,2018
01-11-2017,Jogulamba Gadwal ,November,188170,2017
01-05-2019,Jogulamba Gadwal ,May,154609,2019
01-07-2019,Jogulamba Gadwal ,July,114951,2019
01-08-2018,Jogulamba Gadwal ,August,123733,2018
01-01-2018,Jogulamba Gadwal ,January,146441,2018
01-11-2017,Kamareddy ,November,43,2017
01-10-2019,Kamareddy ,October,46,2019
01-09-2019,Kamareddy ,September,41,2019
01-07-2019,Kamareddy ,July,50,2019
01-09-2016,Kamareddy ,September,0,2016
01-03-2016,Kamareddy ,March,0,2016
01-08-2016,Kamareddy ,August,0,2016
01-09-2017,Kamareddy ,September,41,2017
01-10-2017,Kamareddy ,October,38,2017
01-01-2017,Kamareddy ,January,58,2017
01-03-2017,Kamareddy ,March,41,2017
01-06-2016,Kamareddy ,June,0,2016
01-11-2019,Kamareddy ,November,46,2019
01-05-2016,Kamareddy ,May,0,2016
01-06-2019,Kamareddy ,June,41,2019
01-05-2017,Kamareddy ,May,60,2017
01-10-2016,Kamareddy ,October,47,2016
01-11-2016,Kamareddy ,November,38,2016
01-12-2016,Kamareddy ,December,42,2016
01-12-2019,Kamareddy ,December,45,2019
01-07-2016,Kamareddy ,July,0,2016
01-04-2016,Kamareddy ,April,0,2016
01-05-2019,Kamareddy ,May,46,2019
01-08-2019,Kamareddy ,August,50,2019
01-06-2017,Kamareddy ,June,41,2017
01-01-2018,Kamareddy ,January,44,2018
01-12-2018,Kamareddy ,December,43,2018
01-03-2018,Kamareddy ,March,45,2018
01-07-2017,Kamareddy ,July,41,2017
01-10-2018,Kamareddy ,October,62,2018
01-08-2018,Kamareddy ,August,55,2018
01-09-2018,Kamareddy ,September,40,2018
01-07-2018,Kamareddy ,July,48,2018
01-06-2018,Kamareddy ,June,56,2018
01-08-2017,Kamareddy ,August,40,2017
01-02-2018,Kamareddy ,February,44,2018
01-05-2018,Kamareddy ,May,49,2018
01-12-2017,Kamareddy ,December,41,2017
01-01-2019,Kamareddy ,January,42,2019
01-02-2019,Kamareddy ,February,41,2019
01-03-2019,Kamareddy ,March,45,2019
01-04-2018,Kamareddy ,April,45,2018
01-04-2019,Kamareddy ,April,41,2019
01-02-2017,Kamareddy ,February,50,2017
01-04-2017,Kamareddy ,April,46,2017
01-01-2016,Kamareddy ,January,0,2016
01-11-2018,Kamareddy ,November,41,2018
01-02-2016,Kamareddy ,February,0,2016
01-06-2019,Karimnagar ,June,3871,2019
01-02-2019,Karimnagar ,February,6480,2019
01-10-2019,Karimnagar ,October,6799,2019
01-11-2019,Karimnagar ,November,7101,2019
01-12-2019,Karimnagar ,December,7898,2019
01-09-2019,Karimnagar ,September,8735,2019
01-05-2017,Karimnagar ,May,8890,2017
01-04-2017,Karimnagar ,April,8630,2017
01-05-2019,Karimnagar ,May,3393,2019
01-01-2019,Karimnagar ,January,10285,2019
01-04-2019,Karimnagar ,April,5623,2019
01-01-2018,Karimnagar ,January,13505,2018
01-06-2018,Karimnagar ,June,7180,2018
01-01-2016,Karimnagar ,January,1984442,2016
01-03-2019,Karimnagar ,March,6634,2019
01-02-2018,Karimnagar ,February,9330,2018
01-11-2016,Karimnagar ,November,13350,2016
01-10-2017,Karimnagar ,October,8371,2017
01-07-2019,Karimnagar ,July,5192,2019
01-07-2018,Karimnagar ,July,6686,2018
01-04-2018,Karimnagar ,April,5830,2018
01-03-2017,Karimnagar ,March,9625,2017
01-08-2019,Karimnagar ,August,5480,2019
01-01-2017,Karimnagar ,January,14425,2017
01-11-2017,Karimnagar ,November,8705,2017
01-09-2017,Karimnagar ,September,7576,2017
01-04-2016,Karimnagar ,April,956959,2016
01-06-2016,Karimnagar ,June,914746,2016
01-07-2016,Karimnagar ,July,401047,2016
01-08-2016,Karimnagar ,August,1018399,2016
01-09-2016,Karimnagar ,September,956959,2016
01-10-2016,Karimnagar ,October,13675,2016
01-12-2016,Karimnagar ,December,13890,2016
01-07-2017,Karimnagar ,July,12350,2017
01-02-2016,Karimnagar ,February,779960,2016
01-08-2017,Karimnagar ,August,10952,2017
01-12-2018,Karimnagar ,December,7800,2018
01-05-2016,Karimnagar ,May,1095642,2016
01-02-2017,Karimnagar ,February,10845,2017
01-03-2018,Karimnagar ,March,7205,2018
01-03-2016,Karimnagar ,March,1018399,2016
01-11-2018,Karimnagar ,November,7145,2018
01-10-2018,Karimnagar ,October,6118,2018
01-05-2018,Karimnagar ,May,5689,2018
01-12-2017,Karimnagar ,December,13065,2017
01-06-2017,Karimnagar ,June,10542,2017
01-08-2018,Karimnagar ,August,8480,2018
01-09-2018,Karimnagar ,September,8480,2018
01-09-2016,Khammam,September,368437,2016
01-07-2017,Khammam,July,105102,2017
01-06-2016,Khammam,June,445862,2016
01-01-2019,Khammam,January,123550,2019
01-12-2019,Khammam,December,124525,2019
01-05-2019,Khammam,May,130971,2019
01-11-2017,Khammam,November,110800,2017
01-06-2019,Khammam,June,127270,2019
01-07-2019,Khammam,July,103260,2019
01-12-2017,Khammam,December,137825,2017
01-04-2019,Khammam,April,135920,2019
01-02-2019,Khammam,February,98471,2019
01-04-2018,Khammam,April,126553,2018
01-10-2019,Khammam,October,128625,2019
01-03-2019,Khammam,March,91340,2019
01-11-2019,Khammam,November,104380,2019
01-05-2016,Khammam,May,433994,2016
01-04-2016,Khammam,April,971622,2016
01-10-2016,Khammam,October,121575,2016
01-04-2017,Khammam,April,135920,2017
01-08-2019,Khammam,August,111374,2019
01-10-2017,Khammam,October,155943,2017
01-09-2019,Khammam,September,133754,2019
01-02-2017,Khammam,February,115470,2017
01-01-2018,Khammam,January,110094,2018
01-12-2016,Khammam,December,116403,2016
01-01-2016,Khammam,January,651827,2016
01-08-2018,Khammam,August,86309,2018
01-09-2018,Khammam,September,143465,2018
01-10-2018,Khammam,October,127645,2018
01-12-2018,Khammam,December,135600,2018
01-02-2018,Khammam,February,104444,2018
01-03-2017,Khammam,March,101878,2017
01-03-2018,Khammam,March,127152,2018
01-02-2016,Khammam,February,407533,2016
01-11-2018,Khammam,November,99070,2018
01-07-2018,Khammam,July,85932,2018
01-06-2017,Khammam,June,138158,2017
01-08-2017,Khammam,August,129159,2017
01-09-2017,Khammam,September,140821,2017
01-08-2016,Khammam,August,503654,2016
01-01-2017,Khammam,January,132528,2017
01-07-2016,Khammam,July,414963,2016
01-03-2016,Khammam,March,458527,2016
01-05-2018,Khammam,May,135189,2018
01-11-2016,Khammam,November,110634,2016
01-06-2018,Khammam,June,135988,2018
01-05-2017,Khammam,May,138799,2017
01-04-2019,Komaram Bheem Asifabad,April,663,2019
01-11-2017,Komaram Bheem Asifabad,November,3627,2017
01-10-2017,Komaram Bheem Asifabad,October,14050,2017
01-04-2017,Komaram Bheem Asifabad,April,3074,2017
01-07-2017,Komaram Bheem Asifabad,July,3713,2017
01-06-2017,Komaram Bheem Asifabad,June,3796,2017
01-05-2017,Komaram Bheem Asifabad,May,3416,2017
01-10-2016,Komaram Bheem Asifabad,October,0,2016
01-09-2017,Komaram Bheem Asifabad,September,3934,2017
01-08-2017,Komaram Bheem Asifabad,August,3665,2017
01-12-2018,Komaram Bheem Asifabad,December,2176,2018
01-07-2016,Komaram Bheem Asifabad,July,0,2016
01-09-2018,Komaram Bheem Asifabad,September,1819,2018
01-10-2018,Komaram Bheem Asifabad,October,2525,2018
01-11-2018,Komaram Bheem Asifabad,November,1741,2018
01-08-2018,Komaram Bheem Asifabad,August,2263,2018
01-11-2019,Komaram Bheem Asifabad,November,2176,2019
01-01-2017,Komaram Bheem Asifabad,January,2241,2017
01-02-2017,Komaram Bheem Asifabad,February,2490,2017
01-10-2019,Komaram Bheem Asifabad,October,1943,2019
01-03-2017,Komaram Bheem Asifabad,March,2767,2017
01-09-2016,Komaram Bheem Asifabad,September,0,2016
01-07-2018,Komaram Bheem Asifabad,July,1954,2018
01-11-2016,Komaram Bheem Asifabad,November,0,2016
01-05-2016,Komaram Bheem Asifabad,May,0,2016
01-06-2018,Komaram Bheem Asifabad,June,990,2018
01-12-2016,Komaram Bheem Asifabad,December,0,2016
01-12-2017,Komaram Bheem Asifabad,December,4218,2017
01-07-2019,Komaram Bheem Asifabad,July,1287,2019
01-02-2019,Komaram Bheem Asifabad,February,1449,2019
01-12-2019,Komaram Bheem Asifabad,December,2783,2019
01-01-2019,Komaram Bheem Asifabad,January,2476,2019
01-09-2019,Komaram Bheem Asifabad,September,1629,2019
01-03-2018,Komaram Bheem Asifabad,March,1826,2018
01-02-2018,Komaram Bheem Asifabad,February,2736,2018
01-06-2016,Komaram Bheem Asifabad,June,0,2016
01-06-2019,Komaram Bheem Asifabad,June,506,2019
01-03-2016,Komaram Bheem Asifabad,March,0,2016
01-04-2016,Komaram Bheem Asifabad,April,0,2016
01-08-2016,Komaram Bheem Asifabad,August,0,2016
01-08-2019,Komaram Bheem Asifabad,August,2572,2019
01-01-2016,Komaram Bheem Asifabad,January,0,2016
01-01-2018,Komaram Bheem Asifabad,January,2863,2018
01-05-2019,Komaram Bheem Asifabad,May,493,2019
01-04-2018,Komaram Bheem Asifabad,April,868,2018
01-03-2019,Komaram Bheem Asifabad,March,1212,2019
01-02-2016,Komaram Bheem Asifabad,February,0,2016
01-05-2018,Komaram Bheem Asifabad,May,793,2018
01-01-2017,Mahabubabad ,January,13260,2017
01-10-2018,Mahabubabad ,October,13550,2018
01-09-2019,Mahabubabad ,September,13210,2019
01-01-2018,Mahabubabad ,January,14000,2018
01-09-2017,Mahabubabad ,September,13140,2017
01-11-2017,Mahabubabad ,November,13560,2017
01-10-2017,Mahabubabad ,October,13750,2017
01-08-2019,Mahabubabad ,August,12190,2019
01-11-2019,Mahabubabad ,November,12470,2019
01-12-2019,Mahabubabad ,December,12360,2019
01-05-2017,Mahabubabad ,May,10220,2017
01-02-2018,Mahabubabad ,February,14230,2018
01-02-2017,Mahabubabad ,February,13045,2017
01-07-2017,Mahabubabad ,July,10170,2017
01-04-2016,Mahabubabad ,April,0,2016
01-05-2016,Mahabubabad ,May,0,2016
01-06-2016,Mahabubabad ,June,0,2016
01-07-2016,Mahabubabad ,July,0,2016
01-08-2017,Mahabubabad ,August,12520,2017
01-04-2017,Mahabubabad ,April,9140,2017
01-04-2018,Mahabubabad ,April,12915,2018
01-10-2019,Mahabubabad ,October,12260,2019
01-08-2018,Mahabubabad ,August,13200,2018
01-06-2017,Mahabubabad ,June,10130,2017
01-12-2016,Mahabubabad ,December,12955,2016
01-02-2016,Mahabubabad ,February,0,2016
01-09-2018,Mahabubabad ,September,13420,2018
01-12-2018,Mahabubabad ,December,17125,2018
01-11-2018,Mahabubabad ,November,13700,2018
01-07-2019,Mahabubabad ,July,13470,2019
01-05-2019,Mahabubabad ,May,11970,2019
01-12-2017,Mahabubabad ,December,13780,2017
01-04-2019,Mahabubabad ,April,12980,2019
01-02-2019,Mahabubabad ,February,13545,2019
01-01-2019,Mahabubabad ,January,13480,2019
01-06-2019,Mahabubabad ,June,11460,2019
01-05-2018,Mahabubabad ,May,12865,2018
01-03-2018,Mahabubabad ,March,13110,2018
01-06-2018,Mahabubabad ,June,13910,2018
01-07-2018,Mahabubabad ,July,13970,2018
01-03-2019,Mahabubabad ,March,13490,2019
01-09-2016,Mahabubabad ,September,0,2016
01-03-2017,Mahabubabad ,March,9100,2017
01-11-2016,Mahabubabad ,November,114015,2016
01-01-2016,Mahabubabad ,January,0,2016
01-03-2016,Mahabubabad ,March,0,2016
01-10-2016,Mahabubabad ,October,13032,2016
01-08-2016,Mahabubabad ,August,0,2016
01-06-2017,Mahbubnagar,June,179210,2017
01-11-2017,Mahbubnagar,November,259060,2017
01-08-2017,Mahbubnagar,August,215229,2017
01-04-2019,Mahbubnagar,April,183268,2019
01-02-2019,Mahbubnagar,February,798949,2019
01-12-2017,Mahbubnagar,December,426167,2017
01-12-2016,Mahbubnagar,December,210202,2016
01-05-2017,Mahbubnagar,May,214209,2017
01-07-2017,Mahbubnagar,July,179099,2017
01-09-2017,Mahbubnagar,September,180675,2017
01-03-2018,Mahbubnagar,March,166863,2018
01-01-2017,Mahbubnagar,January,446135,2017
01-06-2019,Mahbubnagar,June,175853,2019
01-11-2019,Mahbubnagar,November,234066,2019
01-09-2019,Mahbubnagar,September,141387,2019
01-12-2019,Mahbubnagar,December,148938,2019
01-01-2019,Mahbubnagar,January,168082,2019
01-08-2016,Mahbubnagar,August,1133105,2016
01-08-2019,Mahbubnagar,August,104787,2019
01-04-2018,Mahbubnagar,April,196061,2018
01-05-2018,Mahbubnagar,May,193478,2018
01-09-2016,Mahbubnagar,September,567712,2016
01-07-2018,Mahbubnagar,July,161841,2018
01-10-2017,Mahbubnagar,October,196103,2017
01-10-2019,Mahbubnagar,October,130227,2019
01-07-2019,Mahbubnagar,July,100398,2019
01-01-2018,Mahbubnagar,January,156153,2018
01-06-2018,Mahbubnagar,June,165553,2018
01-04-2016,Mahbubnagar,April,622432,2016
01-06-2016,Mahbubnagar,June,561006,2016
01-09-2018,Mahbubnagar,September,167833,2018
01-10-2016,Mahbubnagar,October,198592,2016
01-05-2016,Mahbubnagar,May,571898,2016
01-11-2016,Mahbubnagar,November,256375,2016
01-03-2016,Mahbubnagar,March,1731983,2016
01-11-2018,Mahbubnagar,November,295910,2018
01-02-2018,Mahbubnagar,February,788083,2018
01-07-2016,Mahbubnagar,July,562322,2016
01-12-2018,Mahbubnagar,December,198227,2018
01-03-2017,Mahbubnagar,March,178256,2017
01-02-2017,Mahbubnagar,February,805392,2017
01-08-2018,Mahbubnagar,August,169154,2018
01-04-2017,Mahbubnagar,April,208694,2017
01-02-2016,Mahbubnagar,February,1312068,2016
01-03-2019,Mahbubnagar,March,173658,2019
01-05-2019,Mahbubnagar,May,175202,2019
01-10-2018,Mahbubnagar,October,193152,2018
01-01-2016,Mahbubnagar,January,577071,2016
01-08-2018,Mancherial,August,31861,2018
01-09-2019,Mancherial,September,24079,2019
01-05-2019,Mancherial,May,26616,2019
01-03-2018,Mancherial,March,20749,2018
01-06-2019,Mancherial,June,24593,2019
01-01-2019,Mancherial,January,18420,2019
01-01-2018,Mancherial,January,71955,2018
01-04-2018,Mancherial,April,38483,2018
01-02-2017,Mancherial,February,3130,2017
01-12-2016,Mancherial,December,2423,2016
01-04-2019,Mancherial,April,23026,2019
01-07-2019,Mancherial,July,22303,2019
01-12-2019,Mancherial,December,16835,2019
01-03-2019,Mancherial,March,16253,2019
01-10-2017,Mancherial,October,37671,2017
01-07-2017,Mancherial,July,33591,2017
01-06-2017,Mancherial,June,2119,2017
01-05-2017,Mancherial,May,1424,2017
01-09-2016,Mancherial,September,0,2016
01-12-2017,Mancherial,December,30328,2017
01-08-2017,Mancherial,August,26104,2017
01-01-2017,Mancherial,January,2937,2017
01-11-2017,Mancherial,November,25737,2017
01-10-2016,Mancherial,October,3124,2016
01-04-2016,Mancherial,April,0,2016
01-05-2016,Mancherial,May,0,2016
01-11-2018,Mancherial,November,25197,2018
01-08-2019,Mancherial,August,21191,2019
01-09-2017,Mancherial,September,24297,2017
01-11-2019,Mancherial,November,29302,2019
01-11-2016,Mancherial,November,2255,2016
01-10-2019,Mancherial,October,20867,2019
01-03-2016,Mancherial,March,0,2016
01-07-2018,Mancherial,July,27937,2018
01-01-2016,Mancherial,January,0,2016
01-02-2016,Mancherial,February,0,2016
01-06-2018,Mancherial,June,31667,2018
01-02-2019,Mancherial,February,26325,2019
01-10-2018,Mancherial,October,30740,2018
01-04-2017,Mancherial,April,1513,2017
01-09-2018,Mancherial,September,23141,2018
01-02-2018,Mancherial,February,38599,2018
01-05-2018,Mancherial,May,26179,2018
01-12-2018,Mancherial,December,31496,2018
01-06-2016,Mancherial,June,0,2016
01-08-2016,Mancherial,August,0,2016
01-07-2016,Mancherial,July,0,2016
01-03-2017,Mancherial,March,2775,2017
01-11-2016,Medak ,November,132300,2016
01-08-2017,Medak ,August,632830,2017
01-04-2016,Medak ,April,300000,2016
01-12-2018,Medak ,December,400000,2018
01-10-2016,Medak ,October,15600,2016
01-06-2018,Medak ,June,500000,2018
01-05-2018,Medak ,May,300000,2018
01-04-2019,Medak ,April,650000,2019
01-07-2017,Medak ,July,575300,2017
01-07-2018,Medak ,July,150000,2018
01-05-2016,Medak ,May,198000,2016
01-10-2018,Medak ,October,300000,2018
01-02-2019,Medak ,February,600000,2019
01-06-2017,Medak ,June,561469,2017
01-12-2016,Medak ,December,523000,2016
01-05-2017,Medak ,May,556891,2017
01-04-2017,Medak ,April,554864,2017
01-03-2018,Medak ,March,600000,2018
01-08-2016,Medak ,August,216100,2016
01-07-2019,Medak ,July,350000,2019
01-07-2016,Medak ,July,153300,2016
01-02-2017,Medak ,February,543321,2017
01-09-2017,Medak ,September,696113,2017
01-03-2019,Medak ,March,1000000,2019
01-06-2016,Medak ,June,166700,2016
01-05-2019,Medak ,May,400000,2019
01-10-2017,Medak ,October,765724,2017
01-10-2019,Medak ,October,350000,2019
01-12-2017,Medak ,December,926526,2017
01-09-2019,Medak ,September,350400,2019
01-06-2019,Medak ,June,300000,2019
01-02-2018,Medak ,February,1000000,2018
01-09-2018,Medak ,September,100000,2018
01-01-2018,Medak ,January,100000,2018
01-01-2016,Medak ,January,92600,2016
01-08-2019,Medak ,August,349900,2019
01-11-2017,Medak ,November,842296,2017
01-11-2019,Medak ,November,351560,2019
01-03-2017,Medak ,March,548535,2017
01-08-2018,Medak ,August,50000,2018
01-03-2016,Medak ,March,1318000,2016
01-04-2018,Medak ,April,200000,2018
01-09-2016,Medak ,September,132600,2016
01-11-2018,Medak ,November,200000,2018
01-01-2019,Medak ,January,400000,2019
01-01-2017,Medak ,January,523000,2017
01-12-2019,Medak ,December,350710,2019
01-02-2016,Medak ,February,215000,2016
01-07-2016,Medchal ,July,0,2016
01-03-2017,Medchal ,March,0,2017
01-12-2018,Medchal ,December,0,2018
01-09-2017,Medchal ,September,0,2017
01-01-2018,Medchal ,January,0,2018
01-01-2016,Medchal ,January,0,2016
01-11-2018,Medchal ,November,0,2018
01-01-2017,Medchal ,January,0,2017
01-08-2017,Medchal ,August,0,2017
01-11-2017,Medchal ,November,0,2017
01-05-2019,Medchal ,May,0,2019
01-06-2018,Medchal ,June,0,2018
01-07-2018,Medchal ,July,0,2018
01-11-2016,Medchal ,November,0,2016
01-05-2018,Medchal ,May,0,2018
01-03-2019,Medchal ,March,0,2019
01-10-2016,Medchal ,October,0,2016
01-02-2017,Medchal ,February,0,2017
01-07-2017,Medchal ,July,0,2017
01-10-2017,Medchal ,October,0,2017
01-08-2018,Medchal ,August,0,2018
01-04-2016,Medchal ,April,0,2016
01-04-2019,Medchal ,April,0,2019
01-06-2017,Medchal ,June,0,2017
01-05-2016,Medchal ,May,0,2016
01-09-2016,Medchal ,September,0,2016
01-11-2019,Medchal ,November,0,2019
01-09-2019,Medchal ,September,0,2019
01-08-2019,Medchal ,August,0,2019
01-07-2019,Medchal ,July,0,2019
01-06-2019,Medchal ,June,0,2019
01-01-2019,Medchal ,January,0,2019
01-02-2019,Medchal ,February,0,2019
01-10-2019,Medchal ,October,0,2019
01-03-2016,Medchal ,March,0,2016
01-08-2016,Medchal ,August,0,2016
01-04-2018,Medchal ,April,0,2018
01-04-2017,Medchal ,April,0,2017
01-12-2017,Medchal ,December,0,2017
01-10-2018,Medchal ,October,0,2018
01-12-2019,Medchal ,December,0,2019
01-02-2016,Medchal ,February,0,2016
01-05-2017,Medchal ,May,0,2017
01-09-2018,Medchal ,September,0,2018
01-02-2018,Medchal ,February,0,2018
01-06-2016,Medchal ,June,0,2016
01-03-2018,Medchal ,March,0,2018
01-12-2016,Medchal ,December,0,2016
01-04-2019,Mulugu,April,152570,2019
01-09-2019,Mulugu,September,172900,2019
01-06-2019,Mulugu,June,163480,2019
01-05-2019,Mulugu,May,154550,2019
01-03-2019,Mulugu,March,156610,2019
01-10-2019,Mulugu,October,172500,2019
01-01-2019,Mulugu,January,0,2019
01-12-2019,Mulugu,December,175100,2019
01-07-2019,Mulugu,July,167700,2019
01-11-2019,Mulugu,November,173700,2019
01-02-2019,Mulugu,February,159640,2019
01-08-2019,Mulugu,August,171050,2019
01-03-2018,Nagarkurnool ,March,184508,2018
01-01-2016,Nagarkurnool ,January,0,2016
01-10-2017,Nagarkurnool ,October,201050,2017
01-12-2017,Nagarkurnool ,December,382879,2017
01-03-2017,Nagarkurnool ,March,184508,2017
01-02-2017,Nagarkurnool ,February,286258,2017
01-09-2017,Nagarkurnool ,September,118010,2017
01-11-2017,Nagarkurnool ,November,188786,2017
01-09-2019,Nagarkurnool ,September,175712,2019
01-04-2019,Nagarkurnool ,April,121460,2019
01-08-2019,Nagarkurnool ,August,118010,2019
01-10-2019,Nagarkurnool ,October,196160,2019
01-04-2018,Nagarkurnool ,April,174592,2018
01-03-2019,Nagarkurnool ,March,184508,2019
01-01-2019,Nagarkurnool ,January,228812,2019
01-06-2019,Nagarkurnool ,June,184508,2019
01-11-2019,Nagarkurnool ,November,121425,2019
01-11-2016,Nagarkurnool ,November,188786,2016
01-07-2019,Nagarkurnool ,July,93450,2019
01-05-2019,Nagarkurnool ,May,184372,2019
01-01-2018,Nagarkurnool ,January,228812,2018
01-01-2017,Nagarkurnool ,January,382879,2017
01-02-2018,Nagarkurnool ,February,286258,2018
01-02-2019,Nagarkurnool ,February,286258,2019
01-04-2017,Nagarkurnool ,April,183697,2017
01-12-2019,Nagarkurnool ,December,198637,2019
01-07-2018,Nagarkurnool ,July,93450,2018
01-10-2016,Nagarkurnool ,October,201050,2016
01-09-2016,Nagarkurnool ,September,0,2016
01-08-2016,Nagarkurnool ,August,0,2016
01-07-2016,Nagarkurnool ,July,0,2016
01-05-2016,Nagarkurnool ,May,0,2016
01-06-2016,Nagarkurnool ,June,0,2016
01-12-2016,Nagarkurnool ,December,198637,2016
01-02-2016,Nagarkurnool ,February,0,2016
01-06-2018,Nagarkurnool ,June,180010,2018
01-04-2016,Nagarkurnool ,April,0,2016
01-05-2018,Nagarkurnool ,May,183697,2018
01-12-2018,Nagarkurnool ,December,198637,2018
01-10-2018,Nagarkurnool ,October,201050,2018
01-09-2018,Nagarkurnool ,September,118449,2018
01-06-2017,Nagarkurnool ,June,180010,2017
01-05-2017,Nagarkurnool ,May,183697,2017
01-08-2017,Nagarkurnool ,August,181861,2017
01-08-2018,Nagarkurnool ,August,118010,2018
01-11-2018,Nagarkurnool ,November,121452,2018
01-07-2017,Nagarkurnool ,July,180010,2017
01-03-2016,Nagarkurnool ,March,0,2016
01-11-2017,Nalgonda,November,17687,2017
01-12-2017,Nalgonda,December,25897,2017
01-01-2017,Nalgonda,January,4447,2017
01-11-2019,Nalgonda,November,7177,2019
01-03-2019,Nalgonda,March,8467,2019
01-06-2017,Nalgonda,June,37879,2017
01-02-2019,Nalgonda,February,13697,2019
01-02-2017,Nalgonda,February,8652,2017
01-09-2019,Nalgonda,September,5230,2019
01-08-2019,Nalgonda,August,7473,2019
01-10-2018,Nalgonda,October,22332,2018
01-02-2016,Nalgonda,February,539467,2016
01-10-2017,Nalgonda,October,36066,2017
01-09-2017,Nalgonda,September,17465,2017
01-06-2019,Nalgonda,June,5558,2019
01-09-2016,Nalgonda,September,742402,2016
01-04-2019,Nalgonda,April,7202,2019
01-01-2018,Nalgonda,January,36205,2018
01-07-2017,Nalgonda,July,21361,2017
01-02-2018,Nalgonda,February,9971,2018
01-05-2019,Nalgonda,May,26338,2019
01-11-2018,Nalgonda,November,5422,2018
01-04-2017,Nalgonda,April,44295,2017
01-01-2019,Nalgonda,January,21284,2019
01-09-2018,Nalgonda,September,21365,2018
01-03-2016,Nalgonda,March,619462,2016
01-12-2016,Nalgonda,December,13775,2016
01-11-2016,Nalgonda,November,21046,2016
01-03-2017,Nalgonda,March,8054,2017
01-07-2018,Nalgonda,July,9668,2018
01-03-2018,Nalgonda,March,9677,2018
01-05-2018,Nalgonda,May,10241,2018
01-07-2019,Nalgonda,July,19783,2019
01-01-2016,Nalgonda,January,566515,2016
01-10-2016,Nalgonda,October,3508,2016
01-12-2019,Nalgonda,December,13419,2019
01-05-2017,Nalgonda,May,10750,2017
01-06-2018,Nalgonda,June,9066,2018
01-08-2018,Nalgonda,August,10135,2018
01-08-2017,Nalgonda,August,9363,2017
01-08-2016,Nalgonda,August,988102,2016
01-07-2016,Nalgonda,July,582820,2016
01-10-2019,Nalgonda,October,5290,2019
01-12-2018,Nalgonda,December,6777,2018
01-05-2016,Nalgonda,May,628872,2016
01-04-2016,Nalgonda,April,601253,2016
01-06-2016,Nalgonda,June,551239,2016
01-04-2018,Nalgonda,April,9779,2018
01-09-2019,Narayanapet,September,62841,2019
01-10-2019,Narayanapet,October,58213,2019
01-04-2019,Narayanapet,April,0,2019
01-11-2019,Narayanapet,November,62750,2019
01-02-2019,Narayanapet,February,0,2019
01-01-2019,Narayanapet,January,0,2019
01-07-2019,Narayanapet,July,68842,2019
01-12-2019,Narayanapet,December,64355,2019
01-03-2019,Narayanapet,March,0,2019
01-08-2019,Narayanapet,August,72249,2019
01-05-2019,Narayanapet,May,0,2019
01-06-2019,Narayanapet,June,0,2019
01-02-2019,Nirmal,February,443898,2019
01-11-2018,Nirmal,November,289169,2018
01-12-2019,Nirmal,December,296050,2019
01-01-2017,Nirmal,January,340311,2017
01-11-2017,Nirmal,November,369365,2017
01-10-2017,Nirmal,October,388644,2017
01-02-2017,Nirmal,February,415326,2017
01-04-2017,Nirmal,April,274132,2017
01-05-2017,Nirmal,May,297233,2017
01-08-2019,Nirmal,August,334646,2019
01-09-2017,Nirmal,September,528540,2017
01-08-2017,Nirmal,August,340430,2017
01-09-2016,Nirmal,September,0,2016
01-11-2016,Nirmal,November,201388,2016
01-03-2017,Nirmal,March,442057,2017
01-10-2016,Nirmal,October,475955,2016
01-12-2016,Nirmal,December,239267,2016
01-05-2019,Nirmal,May,149705,2019
01-04-2019,Nirmal,April,327971,2019
01-05-2018,Nirmal,May,342650,2018
01-12-2018,Nirmal,December,361461,2018
01-06-2019,Nirmal,June,349747,2019
01-07-2019,Nirmal,July,359495,2019
01-06-2017,Nirmal,June,340359,2017
01-09-2019,Nirmal,September,299827,2019
01-11-2019,Nirmal,November,253388,2019
01-01-2019,Nirmal,January,313675,2019
01-03-2019,Nirmal,March,424964,2019
01-08-2016,Nirmal,August,0,2016
01-07-2017,Nirmal,July,328101,2017
01-12-2017,Nirmal,December,340585,2017
01-03-2016,Nirmal,March,0,2016
01-01-2016,Nirmal,January,0,2016
01-02-2016,Nirmal,February,0,2016
01-03-2018,Nirmal,March,328099,2018
01-06-2018,Nirmal,June,355197,2018
01-04-2018,Nirmal,April,368645,2018
01-05-2016,Nirmal,May,0,2016
01-01-2018,Nirmal,January,480241,2018
01-07-2018,Nirmal,July,335356,2018
01-08-2018,Nirmal,August,313910,2018
01-09-2018,Nirmal,September,293859,2018
01-04-2016,Nirmal,April,0,2016
01-10-2018,Nirmal,October,373291,2018
01-02-2018,Nirmal,February,335447,2018
01-07-2016,Nirmal,July,0,2016
01-10-2019,Nirmal,October,263412,2019
01-06-2016,Nirmal,June,0,2016
01-03-2016,Nizamabad,March,408,2016
01-04-2016,Nizamabad,April,476,2016
01-05-2016,Nizamabad,May,554,2016
01-07-2016,Nizamabad,July,644,2016
01-09-2016,Nizamabad,September,553,2016
01-10-2016,Nizamabad,October,434,2016
01-12-2016,Nizamabad,December,355,2016
01-08-2016,Nizamabad,August,589,2016
01-09-2019,Nizamabad,September,6572,2019
01-11-2016,Nizamabad,November,617,2016
01-02-2016,Nizamabad,February,869,2016
01-12-2019,Nizamabad,December,11400,2019
01-01-2016,Nizamabad,January,576,2016
01-01-2018,Nizamabad,January,2495,2018
01-06-2016,Nizamabad,June,367,2016
01-05-2019,Nizamabad,May,1193,2019
01-11-2019,Nizamabad,November,11950,2019
01-02-2018,Nizamabad,February,7152,2018
01-04-2019,Nizamabad,April,958,2019
01-03-2019,Nizamabad,March,938,2019
01-10-2019,Nizamabad,October,8849,2019
01-06-2019,Nizamabad,June,686,2019
01-08-2019,Nizamabad,August,1004,2019
01-11-2017,Nizamabad,November,1677,2017
01-12-2017,Nizamabad,December,1787,2017
01-03-2017,Nizamabad,March,660,2017
01-06-2018,Nizamabad,June,1761,2018
01-09-2017,Nizamabad,September,933,2017
01-04-2017,Nizamabad,April,1048,2017
01-02-2017,Nizamabad,February,1752,2017
01-05-2017,Nizamabad,May,1341,2017
01-06-2017,Nizamabad,June,2391,2017
01-08-2017,Nizamabad,August,1583,2017
01-04-2018,Nizamabad,April,3550,2018
01-01-2017,Nizamabad,January,613,2017
01-03-2018,Nizamabad,March,2903,2018
01-07-2017,Nizamabad,July,1520,2017
01-02-2019,Nizamabad,February,915,2019
01-07-2019,Nizamabad,July,990,2019
01-12-2018,Nizamabad,December,355,2018
01-11-2018,Nizamabad,November,475,2018
01-09-2018,Nizamabad,September,475,2018
01-08-2018,Nizamabad,August,10525,2018
01-10-2018,Nizamabad,October,490,2018
01-10-2017,Nizamabad,October,6644,2017
01-07-2018,Nizamabad,July,5882,2018
01-01-2019,Nizamabad,January,878,2019
01-05-2018,Nizamabad,May,5360,2018
01-06-2019,Peddapalli,June,735,2019
01-09-2016,Peddapalli,September,0,2016
01-08-2019,Peddapalli,August,1505,2019
01-02-2019,Peddapalli,February,1157,2019
01-07-2019,Peddapalli,July,1085,2019
01-10-2019,Peddapalli,October,2080,2019
01-01-2019,Peddapalli,January,1055,2019
01-11-2019,Peddapalli,November,2225,2019
01-04-2019,Peddapalli,April,942,2019
01-12-2019,Peddapalli,December,2315,2019
01-05-2019,Peddapalli,May,802,2019
01-09-2017,Peddapalli,September,1155,2017
01-03-2019,Peddapalli,March,895,2019
01-01-2018,Peddapalli,January,2670,2018
01-06-2018,Peddapalli,June,1580,2018
01-01-2016,Peddapalli,January,0,2016
01-11-2016,Peddapalli,November,1145,2016
01-02-2016,Peddapalli,February,0,2016
01-12-2016,Peddapalli,December,1149,2016
01-07-2017,Peddapalli,July,1095,2017
01-08-2017,Peddapalli,August,1385,2017
01-12-2017,Peddapalli,December,1765,2017
01-10-2017,Peddapalli,October,1595,2017
01-09-2019,Peddapalli,September,1785,2019
01-11-2018,Peddapalli,November,1655,2018
01-05-2017,Peddapalli,May,640,2017
01-08-2016,Peddapalli,August,0,2016
01-06-2017,Peddapalli,June,885,2017
01-04-2017,Peddapalli,April,750,2017
01-01-2017,Peddapalli,January,1345,2017
01-02-2017,Peddapalli,February,1378,2017
01-03-2017,Peddapalli,March,965,2017
01-11-2017,Peddapalli,November,1940,2017
01-09-2018,Peddapalli,September,1475,2018
01-07-2018,Peddapalli,July,1580,2018
01-03-2016,Peddapalli,March,0,2016
01-07-2016,Peddapalli,July,0,2016
01-10-2016,Peddapalli,October,950,2016
01-06-2016,Peddapalli,June,0,2016
01-04-2018,Peddapalli,April,1940,2018
01-05-2016,Peddapalli,May,0,2016
01-04-2016,Peddapalli,April,0,2016
01-03-2018,Peddapalli,March,2325,2018
01-02-2018,Peddapalli,February,2695,2018
01-10-2018,Peddapalli,October,1545,2018
01-12-2018,Peddapalli,December,1695,2018
01-08-2018,Peddapalli,August,1595,2018
01-05-2018,Peddapalli,May,1499,2018
01-09-2018,Rajanna Sircilla ,September,818693,2018
01-12-2018,Rajanna Sircilla ,December,950128,2018
01-04-2019,Rajanna Sircilla ,April,1148062,2019
01-12-2019,Rajanna Sircilla ,December,1472801,2019
01-01-2017,Rajanna Sircilla ,January,615842,2017
01-02-2019,Rajanna Sircilla ,February,1015550,2019
01-11-2018,Rajanna Sircilla ,November,840933,2018
01-11-2017,Rajanna Sircilla ,November,1191129,2017
01-10-2017,Rajanna Sircilla ,October,845620,2017
01-03-2019,Rajanna Sircilla ,March,1444971,2019
01-07-2018,Rajanna Sircilla ,July,937720,2018
01-03-2017,Rajanna Sircilla ,March,1030441,2017
01-09-2017,Rajanna Sircilla ,September,487060,2017
01-12-2017,Rajanna Sircilla ,December,1649362,2017
01-06-2018,Rajanna Sircilla ,June,320886,2018
01-04-2018,Rajanna Sircilla ,April,833874,2018
01-04-2017,Rajanna Sircilla ,April,1146782,2017
01-02-2017,Rajanna Sircilla ,February,1255569,2017
01-06-2017,Rajanna Sircilla ,June,1113882,2017
01-07-2017,Rajanna Sircilla ,July,462022,2017
01-10-2018,Rajanna Sircilla ,October,506563,2018
01-07-2019,Rajanna Sircilla ,July,422961,2019
01-06-2019,Rajanna Sircilla ,June,1128849,2019
01-08-2017,Rajanna Sircilla ,August,1004410,2017
01-05-2018,Rajanna Sircilla ,May,1021952,2018
01-10-2016,Rajanna Sircilla ,October,534484,2016
01-06-2016,Rajanna Sircilla ,June,0,2016
01-03-2018,Rajanna Sircilla ,March,1022669,2018
01-02-2018,Rajanna Sircilla ,February,1021787,2018
01-01-2018,Rajanna Sircilla ,January,2238074,2018
01-09-2019,Rajanna Sircilla ,September,501293,2019
01-08-2019,Rajanna Sircilla ,August,586118,2019
01-09-2016,Rajanna Sircilla ,September,0,2016
01-10-2019,Rajanna Sircilla ,October,646492,2019
01-08-2016,Rajanna Sircilla ,August,0,2016
01-12-2016,Rajanna Sircilla ,December,778240,2016
01-11-2016,Rajanna Sircilla ,November,864077,2016
01-05-2016,Rajanna Sircilla ,May,0,2016
01-07-2016,Rajanna Sircilla ,July,0,2016
01-05-2019,Rajanna Sircilla ,May,1018131,2019
01-01-2019,Rajanna Sircilla ,January,6188298,2019
01-11-2019,Rajanna Sircilla ,November,1259371,2019
01-01-2016,Rajanna Sircilla ,January,0,2016
01-05-2017,Rajanna Sircilla ,May,1117228,2017
01-02-2016,Rajanna Sircilla ,February,0,2016
01-03-2016,Rajanna Sircilla ,March,0,2016
01-04-2016,Rajanna Sircilla ,April,0,2016
01-08-2018,Rajanna Sircilla ,August,320952,2018
01-02-2019,Ranga Reddy,February,0,2019
01-03-2019,Ranga Reddy,March,0,2019
01-01-2019,Ranga Reddy,January,0,2019
01-10-2019,Ranga Reddy,October,0,2019
01-08-2019,Ranga Reddy,August,0,2019
01-07-2019,Ranga Reddy,July,0,2019
01-06-2019,Ranga Reddy,June,0,2019
01-05-2019,Ranga Reddy,May,0,2019
01-04-2019,Ranga Reddy,April,0,2019
01-09-2019,Ranga Reddy,September,0,2019
01-12-2019,Ranga Reddy,December,0,2019
01-03-2017,Ranga Reddy,March,0,2017
01-05-2017,Ranga Reddy,May,0,2017
01-09-2017,Ranga Reddy,September,0,2017
01-11-2016,Ranga Reddy,November,0,2016
01-10-2016,Ranga Reddy,October,0,2016
01-01-2016,Ranga Reddy,January,0,2016
01-02-2016,Ranga Reddy,February,0,2016
01-03-2016,Ranga Reddy,March,0,2016
01-04-2016,Ranga Reddy,April,0,2016
01-05-2016,Ranga Reddy,May,0,2016
01-04-2017,Ranga Reddy,April,0,2017
01-06-2016,Ranga Reddy,June,0,2016
01-11-2019,Ranga Reddy,November,0,2019
01-07-2016,Ranga Reddy,July,0,2016
01-08-2016,Ranga Reddy,August,0,2016
01-12-2016,Ranga Reddy,December,0,2016
01-10-2017,Ranga Reddy,October,0,2017
01-12-2017,Ranga Reddy,December,0,2017
01-11-2017,Ranga Reddy,November,0,2017
01-01-2017,Ranga Reddy,January,0,2017
01-08-2017,Ranga Reddy,August,0,2017
01-07-2017,Ranga Reddy,July,0,2017
01-06-2017,Ranga Reddy,June,0,2017
01-11-2018,Ranga Reddy,November,0,2018
01-09-2016,Ranga Reddy,September,0,2016
01-08-2018,Ranga Reddy,August,0,2018
01-12-2018,Ranga Reddy,December,0,2018
01-04-2018,Ranga Reddy,April,0,2018
01-02-2018,Ranga Reddy,February,0,2018
01-01-2018,Ranga Reddy,January,0,2018
01-05-2018,Ranga Reddy,May,0,2018
01-07-2018,Ranga Reddy,July,0,2018
01-03-2018,Ranga Reddy,March,0,2018
01-10-2018,Ranga Reddy,October,0,2018
01-09-2018,Ranga Reddy,September,0,2018
01-02-2017,Ranga Reddy,February,0,2017
01-06-2018,Ranga Reddy,June,0,2018
01-08-2016,Sangareddy ,August,0,2016
01-02-2016,Sangareddy ,February,0,2016
01-01-2016,Sangareddy ,January,0,2016
01-05-2016,Sangareddy ,May,0,2016
01-07-2016,Sangareddy ,July,0,2016
01-12-2016,Sangareddy ,December,155000,2016
01-06-2016,Sangareddy ,June,0,2016
01-10-2016,Sangareddy ,October,274000,2016
01-04-2016,Sangareddy ,April,0,2016
01-05-2018,Sangareddy ,May,157000,2018
01-03-2016,Sangareddy ,March,0,2016
01-10-2017,Sangareddy ,October,232000,2017
01-07-2018,Sangareddy ,July,108600,2018
01-02-2017,Sangareddy ,February,140000,2017
01-01-2017,Sangareddy ,January,195000,2017
01-09-2017,Sangareddy ,September,200000,2017
01-05-2019,Sangareddy ,May,133000,2019
01-02-2018,Sangareddy ,February,540000,2018
01-09-2016,Sangareddy ,September,0,2016
01-03-2018,Sangareddy ,March,158500,2018
01-01-2019,Sangareddy ,January,144000,2019
01-02-2019,Sangareddy ,February,148000,2019
01-04-2018,Sangareddy ,April,162500,2018
01-12-2019,Sangareddy ,December,478470,2019
01-11-2019,Sangareddy ,November,481720,2019
01-09-2018,Sangareddy ,September,125000,2018
01-08-2018,Sangareddy ,August,205000,2018
01-12-2017,Sangareddy ,December,356950,2017
01-11-2017,Sangareddy ,November,324500,2017
01-08-2017,Sangareddy ,August,295000,2017
01-04-2017,Sangareddy ,April,215000,2017
01-07-2017,Sangareddy ,July,195000,2017
01-05-2017,Sangareddy ,May,215000,2017
01-11-2016,Sangareddy ,November,349000,2016
01-01-2018,Sangareddy ,January,254000,2018
01-10-2018,Sangareddy ,October,171800,2018
01-06-2017,Sangareddy ,June,180000,2017
01-03-2019,Sangareddy ,March,747000,2019
01-09-2019,Sangareddy ,September,468350,2019
01-08-2019,Sangareddy ,August,466150,2019
01-11-2018,Sangareddy ,November,160000,2018
01-12-2018,Sangareddy ,December,134000,2018
01-06-2018,Sangareddy ,June,93500,2018
01-03-2017,Sangareddy ,March,275000,2017
01-04-2019,Sangareddy ,April,205000,2019
01-10-2019,Sangareddy ,October,467470,2019
01-06-2019,Sangareddy ,June,347000,2019
01-07-2019,Sangareddy ,July,467000,2019
01-02-2017,Siddipet,February,80500,2017
01-09-2018,Siddipet,September,55000,2018
01-04-2017,Siddipet,April,80500,2017
01-10-2018,Siddipet,October,43000,2018
01-11-2018,Siddipet,November,135000,2018
01-12-2018,Siddipet,December,50000,2018
01-02-2018,Siddipet,February,44000,2018
01-03-2017,Siddipet,March,80500,2017
01-05-2017,Siddipet,May,80500,2017
01-08-2018,Siddipet,August,100000,2018
01-08-2017,Siddipet,August,97405,2017
01-12-2017,Siddipet,December,142612,2017
01-01-2017,Siddipet,January,80500,2017
01-04-2018,Siddipet,April,115000,2018
01-06-2018,Siddipet,June,104300,2018
01-03-2018,Siddipet,March,164800,2018
01-10-2017,Siddipet,October,117861,2017
01-06-2017,Siddipet,June,60000,2017
01-11-2017,Siddipet,November,129647,2017
01-10-2019,Siddipet,October,191330,2019
01-07-2017,Siddipet,July,88550,2017
01-07-2018,Siddipet,July,54000,2018
01-09-2017,Siddipet,September,107146,2017
01-01-2019,Siddipet,January,140793,2019
01-02-2019,Siddipet,February,199549,2019
01-11-2016,Siddipet,November,154400,2016
01-05-2019,Siddipet,May,110500,2019
01-07-2016,Siddipet,July,0,2016
01-06-2016,Siddipet,June,0,2016
01-01-2016,Siddipet,January,0,2016
01-04-2016,Siddipet,April,0,2016
01-12-2019,Siddipet,December,217930,2019
01-08-2019,Siddipet,August,190750,2019
01-07-2019,Siddipet,July,179320,2019
01-06-2019,Siddipet,June,1037000,2019
01-04-2019,Siddipet,April,184412,2019
01-05-2016,Siddipet,May,0,2016
01-10-2016,Siddipet,October,123500,2016
01-03-2019,Siddipet,March,204600,2019
01-09-2019,Siddipet,September,122550,2019
01-11-2019,Siddipet,November,209130,2019
01-05-2018,Siddipet,May,165200,2018
01-01-2018,Siddipet,January,253000,2018
01-09-2016,Siddipet,September,0,2016
01-03-2016,Siddipet,March,0,2016
01-08-2016,Siddipet,August,0,2016
01-12-2016,Siddipet,December,80500,2016
01-02-2016,Siddipet,February,0,2016
01-02-2017,Suryapet,February,0,2017
01-05-2018,Suryapet,May,0,2018
01-06-2018,Suryapet,June,0,2018
01-09-2019,Suryapet,September,0,2019
01-09-2016,Suryapet,September,0,2016
01-01-2016,Suryapet,January,0,2016
01-07-2018,Suryapet,July,0,2018
01-10-2018,Suryapet,October,0,2018
01-01-2018,Suryapet,January,0,2018
01-03-2017,Suryapet,March,0,2017
01-04-2018,Suryapet,April,0,2018
01-12-2017,Suryapet,December,0,2017
01-10-2019,Suryapet,October,0,2019
01-11-2018,Suryapet,November,0,2018
01-08-2018,Suryapet,August,0,2018
01-05-2017,Suryapet,May,0,2017
01-08-2017,Suryapet,August,0,2017
01-03-2019,Suryapet,March,0,2019
01-04-2019,Suryapet,April,0,2019
01-02-2019,Suryapet,February,0,2019
01-05-2019,Suryapet,May,0,2019
01-01-2017,Suryapet,January,0,2017
01-04-2017,Suryapet,April,0,2017
01-01-2019,Suryapet,January,0,2019
01-06-2019,Suryapet,June,0,2019
01-12-2018,Suryapet,December,0,2018
01-07-2019,Suryapet,July,0,2019
01-02-2016,Suryapet,February,0,2016
01-09-2018,Suryapet,September,0,2018
01-11-2019,Suryapet,November,0,2019
01-06-2017,Suryapet,June,0,2017
01-07-2017,Suryapet,July,0,2017
01-09-2017,Suryapet,September,0,2017
01-10-2017,Suryapet,October,0,2017
01-08-2019,Suryapet,August,0,2019
01-03-2016,Suryapet,March,0,2016
01-02-2018,Suryapet,February,0,2018
01-11-2017,Suryapet,November,0,2017
01-03-2018,Suryapet,March,0,2018
01-06-2016,Suryapet,June,0,2016
01-07-2016,Suryapet,July,0,2016
01-08-2016,Suryapet,August,0,2016
01-04-2016,Suryapet,April,0,2016
01-11-2016,Suryapet,November,0,2016
01-10-2016,Suryapet,October,0,2016
01-12-2016,Suryapet,December,0,2016
01-12-2019,Suryapet,December,0,2019
01-05-2016,Suryapet,May,0,2016
01-11-2019,Vikarabad,November,0,2019
01-10-2019,Vikarabad,October,0,2019
01-09-2019,Vikarabad,September,0,2019
01-05-2016,Vikarabad,May,0,2016
01-10-2018,Vikarabad,October,0,2018
01-06-2019,Vikarabad,June,0,2019
01-05-2019,Vikarabad,May,0,2019
01-04-2019,Vikarabad,April,0,2019
01-08-2019,Vikarabad,August,0,2019
01-05-2017,Vikarabad,May,0,2017
01-09-2017,Vikarabad,September,0,2017
01-10-2017,Vikarabad,October,0,2017
01-06-2017,Vikarabad,June,0,2017
01-07-2017,Vikarabad,July,0,2017
01-11-2017,Vikarabad,November,0,2017
01-12-2017,Vikarabad,December,0,2017
01-06-2016,Vikarabad,June,0,2016
01-07-2016,Vikarabad,July,0,2016
01-08-2016,Vikarabad,August,0,2016
01-02-2017,Vikarabad,February,0,2017
01-01-2018,Vikarabad,January,0,2018
01-03-2018,Vikarabad,March,0,2018
01-07-2019,Vikarabad,July,0,2019
01-08-2017,Vikarabad,August,0,2017
01-12-2019,Vikarabad,December,0,2019
01-02-2019,Vikarabad,February,0,2019
01-09-2018,Vikarabad,September,0,2018
01-03-2019,Vikarabad,March,0,2019
01-03-2016,Vikarabad,March,0,2016
01-11-2018,Vikarabad,November,0,2018
01-12-2018,Vikarabad,December,0,2018
01-02-2018,Vikarabad,February,0,2018
01-04-2017,Vikarabad,April,0,2017
01-04-2016,Vikarabad,April,0,2016
01-02-2016,Vikarabad,February,0,2016
01-10-2016,Vikarabad,October,0,2016
01-03-2017,Vikarabad,March,0,2017
01-06-2018,Vikarabad,June,0,2018
01-05-2018,Vikarabad,May,0,2018
01-09-2016,Vikarabad,September,0,2016
01-11-2016,Vikarabad,November,0,2016
01-04-2018,Vikarabad,April,0,2018
01-12-2016,Vikarabad,December,0,2016
01-01-2017,Vikarabad,January,0,2017
01-07-2018,Vikarabad,July,0,2018
01-01-2016,Vikarabad,January,0,2016
01-01-2019,Vikarabad,January,0,2019
01-08-2018,Vikarabad,August,0,2018
01-11-2019,Wanaparthy ,November,32657,2019
01-03-2016,Wanaparthy ,March,0,2016
01-01-2016,Wanaparthy ,January,0,2016
01-02-2016,Wanaparthy ,February,0,2016
01-12-2016,Wanaparthy ,December,20556,2016
01-02-2018,Wanaparthy ,February,22341,2018
01-09-2016,Wanaparthy ,September,0,2016
01-10-2016,Wanaparthy ,October,21234,2016
01-10-2019,Wanaparthy ,October,21234,2019
01-03-2018,Wanaparthy ,March,20050,2018
01-11-2017,Wanaparthy ,November,18348,2017
01-04-2017,Wanaparthy ,April,11502,2017
01-04-2018,Wanaparthy ,April,10550,2018
01-02-2017,Wanaparthy ,February,22342,2017
01-01-2018,Wanaparthy ,January,28131,2018
01-07-2016,Wanaparthy ,July,0,2016
01-06-2016,Wanaparthy ,June,0,2016
01-05-2016,Wanaparthy ,May,0,2016
01-11-2016,Wanaparthy ,November,18348,2016
01-09-2019,Wanaparthy ,September,21375,2019
01-04-2016,Wanaparthy ,April,0,2016
01-08-2019,Wanaparthy ,August,35860,2019
01-01-2017,Wanaparthy ,January,22152,2017
01-12-2019,Wanaparthy ,December,20556,2019
01-03-2017,Wanaparthy ,March,20050,2017
01-10-2018,Wanaparthy ,October,21234,2018
01-06-2018,Wanaparthy ,June,19092,2018
01-05-2018,Wanaparthy ,May,11502,2018
01-05-2019,Wanaparthy ,May,20010,2019
01-02-2019,Wanaparthy ,February,22342,2019
01-06-2019,Wanaparthy ,June,20050,2019
01-04-2019,Wanaparthy ,April,23749,2019
01-03-2019,Wanaparthy ,March,20050,2019
01-08-2018,Wanaparthy ,August,35860,2018
01-07-2019,Wanaparthy ,July,32625,2019
01-09-2018,Wanaparthy ,September,32002,2018
01-07-2018,Wanaparthy ,July,32625,2018
01-11-2018,Wanaparthy ,November,32657,2018
01-12-2018,Wanaparthy ,December,20556,2018
01-08-2016,Wanaparthy ,August,0,2016
01-12-2017,Wanaparthy ,December,22152,2017
01-09-2017,Wanaparthy ,September,35860,2017
01-08-2017,Wanaparthy ,August,21375,2017
01-06-2017,Wanaparthy ,June,19092,2017
01-05-2017,Wanaparthy ,May,11502,2017
01-07-2017,Wanaparthy ,July,19092,2017
01-01-2019,Wanaparthy ,January,28131,2019
01-10-2017,Wanaparthy ,October,21234,2017
01-08-2017,Warangal (Rural),August,13650,2017
01-05-2016,Warangal (Rural),May,0,2016
01-04-2019,Warangal (Rural),April,26900,2019
01-03-2018,Warangal (Rural),March,26200,2018
01-02-2016,Warangal (Rural),February,0,2016
01-01-2016,Warangal (Rural),January,0,2016
01-07-2016,Warangal (Rural),July,0,2016
01-08-2016,Warangal (Rural),August,0,2016
01-03-2016,Warangal (Rural),March,0,2016
01-01-2018,Warangal (Rural),January,25200,2018
01-01-2019,Warangal (Rural),January,28700,2019
01-10-2016,Warangal (Rural),October,8200,2016
01-12-2018,Warangal (Rural),December,30062,2018
01-02-2019,Warangal (Rural),February,28800,2019
01-04-2018,Warangal (Rural),April,21600,2018
01-11-2019,Warangal (Rural),November,32150,2019
01-05-2018,Warangal (Rural),May,22100,2018
01-12-2019,Warangal (Rural),December,32050,2019
01-05-2019,Warangal (Rural),May,24900,2019
01-07-2018,Warangal (Rural),July,25900,2018
01-02-2018,Warangal (Rural),February,26300,2018
01-04-2016,Warangal (Rural),April,0,2016
01-06-2019,Warangal (Rural),June,27100,2019
01-09-2016,Warangal (Rural),September,0,2016
01-11-2018,Warangal (Rural),November,24050,2018
01-06-2016,Warangal (Rural),June,0,2016
01-03-2017,Warangal (Rural),March,7800,2017
01-10-2019,Warangal (Rural),October,31100,2019
01-09-2018,Warangal (Rural),September,25800,2018
01-03-2019,Warangal (Rural),March,29000,2019
01-06-2018,Warangal (Rural),June,23100,2018
01-07-2017,Warangal (Rural),July,13600,2017
01-01-2017,Warangal (Rural),January,8000,2017
01-11-2016,Warangal (Rural),November,6050,2016
01-06-2017,Warangal (Rural),June,9000,2017
01-08-2019,Warangal (Rural),August,31600,2019
01-08-2018,Warangal (Rural),August,25700,2018
01-09-2017,Warangal (Rural),September,13800,2017
01-11-2017,Warangal (Rural),November,16300,2017
01-07-2019,Warangal (Rural),July,28600,2019
01-09-2019,Warangal (Rural),September,32600,2019
01-12-2016,Warangal (Rural),December,5150,2016
01-05-2017,Warangal (Rural),May,8500,2017
01-12-2017,Warangal (Rural),December,21200,2017
01-10-2017,Warangal (Rural),October,16500,2017
01-10-2018,Warangal (Rural),October,26000,2018
01-04-2017,Warangal (Rural),April,7600,2017
01-02-2017,Warangal (Rural),February,8300,2017
01-08-2016,Warangal (Urban),August,368755,2016
01-12-2018,Warangal (Urban),December,180643,2018
01-09-2018,Warangal (Urban),September,138780,2018
01-07-2017,Warangal (Urban),July,116545,2017
01-06-2017,Warangal (Urban),June,111530,2017
01-10-2018,Warangal (Urban),October,140948,2018
01-05-2017,Warangal (Urban),May,109915,2017
01-03-2017,Warangal (Urban),March,118298,2017
01-11-2018,Warangal (Urban),November,144515,2018
01-05-2018,Warangal (Urban),May,143425,2018
01-01-2018,Warangal (Urban),January,137530,2018
01-12-2016,Warangal (Urban),December,127500,2016
01-11-2016,Warangal (Urban),November,129250,2016
01-03-2018,Warangal (Urban),March,140300,2018
01-01-2016,Warangal (Urban),January,1985815,2016
01-04-2018,Warangal (Urban),April,142510,2018
01-06-2018,Warangal (Urban),June,135615,2018
01-03-2016,Warangal (Urban),March,568397,2016
01-08-2019,Warangal (Urban),August,148030,2019
01-08-2017,Warangal (Urban),August,116810,2017
01-02-2017,Warangal (Urban),February,126608,2017
01-02-2018,Warangal (Urban),February,145750,2018
01-09-2017,Warangal (Urban),September,117150,2017
01-08-2018,Warangal (Urban),August,136760,2018
01-01-2017,Warangal (Urban),January,130608,2017
01-05-2016,Warangal (Urban),May,373788,2016
01-06-2016,Warangal (Urban),June,365332,2016
01-06-2019,Warangal (Urban),June,144400,2019
01-12-2017,Warangal (Urban),December,126790,2017
01-09-2019,Warangal (Urban),September,151070,2019
01-04-2017,Warangal (Urban),April,107133,2017
01-07-2016,Warangal (Urban),July,340320,2016
01-11-2019,Warangal (Urban),November,153880,2019
01-07-2019,Warangal (Urban),July,145440,2019
01-10-2017,Warangal (Urban),October,119255,2017
01-11-2017,Warangal (Urban),November,119360,2017
01-07-2018,Warangal (Urban),July,136560,2018
01-02-2019,Warangal (Urban),February,157755,2019
01-01-2019,Warangal (Urban),January,151545,2019
01-05-2019,Warangal (Urban),May,143230,2019
01-04-2016,Warangal (Urban),April,317643,2016
01-10-2016,Warangal (Urban),October,128247,2016
01-02-2016,Warangal (Urban),February,20703778,2016
01-10-2019,Warangal (Urban),October,147450,2019
01-09-2016,Warangal (Urban),September,379210,2016
01-12-2019,Warangal (Urban),December,147700,2019
01-04-2019,Warangal (Urban),April,150425,2019
01-03-2019,Warangal (Urban),March,154305,2019
01-03-2019,Yadadri Bhongir,March,481923,2019
01-04-2019,Yadadri Bhongir,April,441150,2019
01-05-2019,Yadadri Bhongir,May,345790,2019
01-01-2019,Yadadri Bhongir,January,479293,2019
01-12-2018,Yadadri Bhongir,December,606510,2018
01-02-2016,Yadadri Bhongir,February,0,2016
01-10-2018,Yadadri Bhongir,October,586475,2018
01-01-2016,Yadadri Bhongir,January,0,2016
01-07-2019,Yadadri Bhongir,July,332770,2019
01-02-2019,Yadadri Bhongir,February,56525,2019
01-09-2018,Yadadri Bhongir,September,819350,2018
01-10-2017,Yadadri Bhongir,October,683500,2017
01-04-2017,Yadadri Bhongir,April,570000,2017
01-09-2017,Yadadri Bhongir,September,678925,2017
01-11-2017,Yadadri Bhongir,November,537600,2017
01-05-2018,Yadadri Bhongir,May,781842,2018
01-04-2018,Yadadri Bhongir,April,692370,2018
01-01-2018,Yadadri Bhongir,January,2016000,2018
01-02-2018,Yadadri Bhongir,February,3073872,2018
01-03-2018,Yadadri Bhongir,March,2836580,2018
01-08-2018,Yadadri Bhongir,August,526445,2018
01-06-2019,Yadadri Bhongir,June,370566,2019
01-12-2017,Yadadri Bhongir,December,481075,2017
01-11-2018,Yadadri Bhongir,November,485208,2018
01-03-2016,Yadadri Bhongir,March,0,2016
01-08-2019,Yadadri Bhongir,August,389010,2019
01-12-2016,Yadadri Bhongir,December,462800,2016
01-11-2016,Yadadri Bhongir,November,681000,2016
01-10-2016,Yadadri Bhongir,October,584800,2016
01-09-2016,Yadadri Bhongir,September,0,2016
01-11-2019,Yadadri Bhongir,November,365990,2019
01-07-2016,Yadadri Bhongir,July,0,2016
01-05-2016,Yadadri Bhongir,May,0,2016
01-04-2016,Yadadri Bhongir,April,0,2016
01-08-2016,Yadadri Bhongir,August,0,2016
01-06-2016,Yadadri Bhongir,June,0,2016
01-08-2017,Yadadri Bhongir,August,680720,2017
01-07-2018,Yadadri Bhongir,July,671156,2018
01-06-2018,Yadadri Bhongir,June,577570,2018
01-06-2017,Yadadri Bhongir,June,685880,2017
01-05-2017,Yadadri Bhongir,May,458700,2017
01-03-2017,Yadadri Bhongir,March,525588,2017
01-02-2017,Yadadri Bhongir,February,540500,2017
01-01-2017,Yadadri Bhongir,January,678000,2017
01-07-2017,Yadadri Bhongir,July,481240,2017
01-10-2019,Yadadri Bhongir,October,381860,2019
01-09-2019,Yadadri Bhongir,September,366862,2019
01-12-2019,Yadadri Bhongir,December,477635,2019
